Contact,Question,Answer
Contact,ติดต่อทางไหนได้บ้าง,ติดต่อได้ตามช่องทางต่อไปนี้ค่ะ\nFacebook : สวนสัตว์เปิดเขาเขียว Khao Kheow Open Zoo\nLine : kkopenzoo\nInstagram : khaokheow.zoo\nเบอร์โทรศัพท์ : 038 318 444
Contact,มีเฟสบุ้กไหม,ติดต่อได้ตามช่องทางต่อไปนี้ค่ะ\nFacebook : สวนสัตว์เปิดเขาเขียว Khao Kheow Open Zoo\nLine : kkopenzoo\nInstagram : khaokheow.zoo\nเบอร์โทรศัพท์ : 038 318 444
Contact,ขอเฟสหน่อย,ติดต่อได้ตามช่องทางต่อไปนี้ค่ะ\nFacebook : สวนสัตว์เปิดเขาเขียว Khao Kheow Open Zoo\nLine : kkopenzoo\nInstagram : khaokheow.zoo\nเบอร์โทรศัพท์ : 038 318 444
Contact,มี Line ไหม,ติดต่อได้ตามช่องทางต่อไปนี้ค่ะ\nFacebook : สวนสัตว์เปิดเขาเขียว Khao Kheow Open Zoo\nLine : kkopenzoo\nInstagram : khaokheow.zoo\nเบอร์โทรศัพท์ : 038 318 444
Contact,ขอไลน์หน่อย,ติดต่อได้ตามช่องทางต่อไปนี้ค่ะ\nFacebook : สวนสัตว์เปิดเขาเขียว Khao Kheow Open Zoo\nLine : kkopenzoo\nInstagram : khaokheow.zoo\nเบอร์โทรศัพท์ : 038 318 444
Contact,มี fb ไหม,ติดต่อได้ตามช่องทางต่อไปนี้ค่ะ\nFacebook : สวนสัตว์เปิดเขาเขียว Khao Kheow Open Zoo\nLine : kkopenzoo\nInstagram : khaokheow.zoo\nเบอร์โทรศัพท์ : 038 318 444
Contact,ขอ ig หน่อย,ติดต่อได้ตามช่องทางต่อไปนี้ค่ะ\nFacebook : สวนสัตว์เปิดเขาเขียว Khao Kheow Open Zoo\nLine : kkopenzoo\nInstagram : khaokheow.zoo\nเบอร์โทรศัพท์ : 038 318 444
Contact,มี ig ไหม,ติดต่อได้ตามช่องทางต่อไปนี้ค่ะ\nFacebook : สวนสัตว์เปิดเขาเขียว Khao Kheow Open Zoo\nLine : kkopenzoo\nInstagram : khaokheow.zoo\nเบอร์โทรศัพท์ : 038 318 444
Contact,เบอร์,ติดต่อได้ตามช่องทางต่อไปนี้ค่ะ\nFacebook : สวนสัตว์เปิดเขาเขียว Khao Kheow Open Zoo\nLine : kkopenzoo\nInstagram : khaokheow.zoo\nเบอร์โทรศัพท์ : 038 318 444
Contact,ขอเบอร์,ติดต่อได้ตามช่องทางต่อไปนี้ค่ะ\nFacebook : สวนสัตว์เปิดเขาเขียว Khao Kheow Open Zoo\nLine : kkopenzoo\nInstagram : khaokheow.zoo\nเบอร์โทรศัพท์ : 038 318 444
Contact,เบอร์อะไร,ติดต่อได้ตามช่องทางต่อไปนี้ค่ะ\nFacebook : สวนสัตว์เปิดเขาเขียว Khao Kheow Open Zoo\nLine : kkopenzoo\nInstagram : khaokheow.zoo\nเบอร์โทรศัพท์ : 038 318 444
Contact,ig,ติดต่อได้ตามช่องทางต่อไปนี้ค่ะ\nFacebook : สวนสัตว์เปิดเขาเขียว Khao Kheow Open Zoo\nLine : kkopenzoo\nInstagram : khaokheow.zoo\nเบอร์โทรศัพท์ : 038 318 444
Contact,fb,ติดต่อได้ตามช่องทางต่อไปนี้ค่ะ\nFacebook : สวนสัตว์เปิดเขาเขียว Khao Kheow Open Zoo\nLine : kkopenzoo\nInstagram : khaokheow.zoo\nเบอร์โทรศัพท์ : 038 318 444
Contact,line,ติดต่อได้ตามช่องทางต่อไปนี้ค่ะ\nFacebook : สวนสัตว์เปิดเขาเขียว Khao Kheow Open Zoo\nLine : kkopenzoo\nInstagram : khaokheow.zoo\nเบอร์โทรศัพท์ : 038 318 444
Contact,facebook,ติดต่อได้ตามช่องทางต่อไปนี้ค่ะ\nFacebook : สวนสัตว์เปิดเขาเขียว Khao Kheow Open Zoo\nLine : kkopenzoo\nInstagram : khaokheow.zoo\nเบอร์โทรศัพท์ : 038 318 444
Contact,instagram,ติดต่อได้ตามช่องทางต่อไปนี้ค่ะ\nFacebook : สวนสัตว์เปิดเขาเขียว Khao Kheow Open Zoo\nLine : kkopenzoo\nInstagram : khaokheow.zoo\nเบอร์โทรศัพท์ : 038 318 444
Contact,line,ติดต่อได้ตามช่องทางต่อไปนี้ค่ะ\nFacebook : สวนสัตว์เปิดเขาเขียว Khao Kheow Open Zoo\nLine : kkopenzoo\nInstagram : khaokheow.zoo\nเบอร์โทรศัพท์ : 038 318 444
