Poultry,Question,Answer
Poultry,นกกระตั้วดำอยู่ไหน,อยู่ในโซนสัตว์สัตว์ปึกของสวนสัตว์
Poultry,นกกระตั้วดำมีไหม,อยู่ในโซนสัตว์สัตว์ปึกของสวนสัตว์
Poultry,นกกระตั้วดำหาได้ที่ไหน,อยู่ในโซนสัตว์สัตว์ปึกของสวนสัตว์
Poultry,นกกระแตแต้แว๊ดอยู่ไหน,อยู่ในโซนสัตว์สัตว์ปึกของสวนสัตว์
Poultry,นกกระแตแต้แว๊ดมีไหม,อยู่ในโซนสัตว์สัตว์ปึกของสวนสัตว์
Poultry,นกกระแตแต้แว๊ดหาได้ที่ไหน,อยู่ในโซนสัตว์สัตว์ปึกของสวนสัตว์
Poultry,นกกุลาอยู่ไหน,อยู่ในโซนสัตว์สัตว์ปึกของสวนสัตว์
Poultry,นกกุลามีไหม,อยู่ในโซนสัตว์สัตว์ปึกของสวนสัตว์
Poultry,นกกุลาหาได้ที่ไหน,อยู่ในโซนสัตว์สัตว์ปึกของสวนสัตว์
Poultry,นกขมิ้นท้ายทอยดำอยู่ไหน,อยู่ในโซนสัตว์สัตว์ปึกของสวนสัตว์
Poultry,นกขมิ้นท้ายทอยดำมีไหม,อยู่ในโซนสัตว์สัตว์ปึกของสวนสัตว์
Poultry,นกขมิ้นท้ายทอยดำหาได้ที่ไหน,อยู่ในโซนสัตว์สัตว์ปึกของสวนสัตว์
Poultry,นกค๊อกคาเทลอยู่ไหน,อยู่ในโซนสัตว์สัตว์ปึกของสวนสัตว์
Poultry,นกค๊อกคาเทลมีไหม,อยู่ในโซนสัตว์สัตว์ปึกของสวนสัตว์
Poultry,นกค๊อกคาเทลหาได้ที่ไหน,อยู่ในโซนสัตว์สัตว์ปึกของสวนสัตว์
Poultry,นกตะกรามอยู่ไหน,อยู่ในโซนสัตว์สัตว์ปึกของสวนสัตว์
Poultry,นกตะกรามมีไหม,อยู่ในโซนสัตว์สัตว์ปึกของสวนสัตว์
Poultry,นกตะกรามหาได้ที่ไหน,อยู่ในโซนสัตว์สัตว์ปึกของสวนสัตว์
Poultry,นกตีทองอยู่ไหน,อยู่ในโซนสัตว์สัตว์ปึกของสวนสัตว์
Poultry,นกตีทองมีไหม,อยู่ในโซนสัตว์สัตว์ปึกของสวนสัตว์
Poultry,นกตีทองหาได้ที่ไหน,อยู่ในโซนสัตว์สัตว์ปึกของสวนสัตว์
Poultry,นกปรอดสวนอยู่ไหน,อยู่ในโซนสัตว์สัตว์ปึกของสวนสัตว์
Poultry,นกปรอดสวนมีไหม,อยู่ในโซนสัตว์สัตว์ปึกของสวนสัตว์
Poultry,นกปรอดสวนหาได้ที่ไหน,อยู่ในโซนสัตว์สัตว์ปึกของสวนสัตว์
Poultry,นกปรอดหัวสีเขม่าอยู่ไหน,อยู่ในโซนสัตว์สัตว์ปึกของสวนสัตว์
Poultry,นกปรอดหัวสีเขม่ามีไหม,อยู่ในโซนสัตว์สัตว์ปึกของสวนสัตว์
Poultry,นกปรอดหัวสีเขม่าหาได้ที่ไหน,อยู่ในโซนสัตว์สัตว์ปึกของสวนสัตว์
Poultry,นกปรอดหัวโขนอยู่ไหน,อยู่ในโซนสัตว์สัตว์ปึกของสวนสัตว์
Poultry,นกปรอดหัวโขนมีไหม,อยู่ในโซนสัตว์สัตว์ปึกของสวนสัตว์
Poultry,นกปรอดหัวโขนหาได้ที่ไหน,อยู่ในโซนสัตว์สัตว์ปึกของสวนสัตว์
Poultry,นกปรอดเหลืองหัวจุกอยู่ไหน,อยู่ในโซนสัตว์สัตว์ปึกของสวนสัตว์
Poultry,นกปรอดเหลืองหัวจุกมีไหม,อยู่ในโซนสัตว์สัตว์ปึกของสวนสัตว์
Poultry,นกปรอดเหลืองหัวจุกหาได้ที่ไหน,อยู่ในโซนสัตว์สัตว์ปึกของสวนสัตว์
Poultry,นกปรอดแม่ทะอยู่ไหน,อยู่ในโซนสัตว์สัตว์ปึกของสวนสัตว์
Poultry,นกปรอดแม่ทะมีไหม,อยู่ในโซนสัตว์สัตว์ปึกของสวนสัตว์
Poultry,นกปรอดแม่ทะหาได้ที่ไหน,อยู่ในโซนสัตว์สัตว์ปึกของสวนสัตว์
Poultry,นกพิราบหงอนวิคตอเรียอยู่ไหน,อยู่ในโซนสัตว์สัตว์ปึกของสวนสัตว์
Poultry,นกพิราบหงอนวิคตอเรียมีไหม,อยู่ในโซนสัตว์สัตว์ปึกของสวนสัตว์
Poultry,นกพิราบหงอนวิคตอเรียหาได้ที่ไหน,อยู่ในโซนสัตว์สัตว์ปึกของสวนสัตว์
Poultry,นกลุมพูเขียวอยู่ไหน,อยู่ในโซนสัตว์สัตว์ปึกของสวนสัตว์
Poultry,นกลุมพูเขียวมีไหม,อยู่ในโซนสัตว์สัตว์ปึกของสวนสัตว์
Poultry,นกลุมพูเขียวหาได้ที่ไหน,อยู่ในโซนสัตว์สัตว์ปึกของสวนสัตว์
Poultry,นกหกเล็กปากดำอยู่ไหน,อยู่ในโซนสัตว์สัตว์ปึกของสวนสัตว์
Poultry,นกหกเล็กปากดำมีไหม,อยู่ในโซนสัตว์สัตว์ปึกของสวนสัตว์
Poultry,นกหกเล็กปากดำหาได้ที่ไหน,อยู่ในโซนสัตว์สัตว์ปึกของสวนสัตว์
Poultry,นกเขาเขียวอยู่ไหน,อยู่ในโซนสัตว์สัตว์ปึกของสวนสัตว์
Poultry,นกเขาเขียวมีไหม,อยู่ในโซนสัตว์สัตว์ปึกของสวนสัตว์
Poultry,นกเขาเขียวหาได้ที่ไหน,อยู่ในโซนสัตว์สัตว์ปึกของสวนสัตว์
Poultry,นกเขาเปล้าธรรมดาอยู่ไหน,อยู่ในโซนสัตว์สัตว์ปึกของสวนสัตว์
Poultry,นกเขาเปล้าธรรมดามีไหม,อยู่ในโซนสัตว์สัตว์ปึกของสวนสัตว์
Poultry,นกเขาเปล้าธรรมดาหาได้ที่ไหน,อยู่ในโซนสัตว์สัตว์ปึกของสวนสัตว์
Poultry,นกเขาใหญ่อยู่ไหน,อยู่ในโซนสัตว์สัตว์ปึกของสวนสัตว์
Poultry,นกเขาใหญ่มีไหม,อยู่ในโซนสัตว์สัตว์ปึกของสวนสัตว์
Poultry,นกเขาใหญ่หาได้ที่ไหน,อยู่ในโซนสัตว์สัตว์ปึกของสวนสัตว์
Poultry,นกเขียวก้านตองปีกสีฟ้าอยู่ไหน,อยู่ในโซนสัตว์สัตว์ปึกของสวนสัตว์
Poultry,นกเขียวก้านตองปีกสีฟ้ามีไหม,อยู่ในโซนสัตว์สัตว์ปึกของสวนสัตว์
Poultry,นกเขียวก้านตองปีกสีฟ้าหาได้ที่ไหน,อยู่ในโซนสัตว์สัตว์ปึกของสวนสัตว์
Poultry,นกเขียวก้านตองใหญ่อยู่ไหน,อยู่ในโซนสัตว์สัตว์ปึกของสวนสัตว์
Poultry,นกเขียวก้านตองใหญ่มีไหม,อยู่ในโซนสัตว์สัตว์ปึกของสวนสัตว์
Poultry,นกเขียวก้านตองใหญ่หาได้ที่ไหน,อยู่ในโซนสัตว์สัตว์ปึกของสวนสัตว์
Poultry,นกเขียวครามอยู่ไหน,อยู่ในโซนสัตว์สัตว์ปึกของสวนสัตว์
Poultry,นกเขียวครามมีไหม,อยู่ในโซนสัตว์สัตว์ปึกของสวนสัตว์
Poultry,นกเขียวครามหาได้ที่ไหน,อยู่ในโซนสัตว์สัตว์ปึกของสวนสัตว์
Poultry,นกเงือกกรามช้างอยู่ไหน,อยู่ในโซนสัตว์สัตว์ปึกของสวนสัตว์
Poultry,นกเงือกกรามช้างมีไหม,อยู่ในโซนสัตว์สัตว์ปึกของสวนสัตว์
Poultry,นกเงือกกรามช้างหาได้ที่ไหน,อยู่ในโซนสัตว์สัตว์ปึกของสวนสัตว์
Poultry,นกเงือกหัวแรดอยู่ไหน,อยู่ในโซนสัตว์สัตว์ปึกของสวนสัตว์
Poultry,นกเงือกหัวแรดมีไหม,อยู่ในโซนสัตว์สัตว์ปึกของสวนสัตว์
Poultry,นกเงือกหัวแรดหาได้ที่ไหน,อยู่ในโซนสัตว์สัตว์ปึกของสวนสัตว์
Poultry,นกเงือกหัวหงอกอยู่ไหน,อยู่ในโซนสัตว์สัตว์ปึกของสวนสัตว์
Poultry,นกเงือกหัวหงอกมีไหม,อยู่ในโซนสัตว์สัตว์ปึกของสวนสัตว์
Poultry,นกเงือกหัวหงอกหาได้ที่ไหน,อยู่ในโซนสัตว์สัตว์ปึกของสวนสัตว์
Poultry,นกเพนกวินฮัมโบลด์อยู่ไหน,อยู่ในโซนสัตว์สัตว์ปึกของสวนสัตว์
Poultry,นกเพนกวินฮัมโบลด์มีไหม,อยู่ในโซนสัตว์สัตว์ปึกของสวนสัตว์
Poultry,นกเพนกวินฮัมโบลด์หาได้ที่ไหน,อยู่ในโซนสัตว์สัตว์ปึกของสวนสัตว์
Poultry,นกเอี้ยงหงอนอยู่ไหน,อยู่ในโซนสัตว์สัตว์ปึกของสวนสัตว์
Poultry,นกเอี้ยงหงอนมีไหม,อยู่ในโซนสัตว์สัตว์ปึกของสวนสัตว์
Poultry,นกเอี้ยงหงอนหาได้ที่ไหน,อยู่ในโซนสัตว์สัตว์ปึกของสวนสัตว์
Poultry,นกแก้วเอคเลคตัสอยู่ไหน,อยู่ในโซนสัตว์สัตว์ปึกของสวนสัตว์
Poultry,นกแก้วเอคเลคตัสมีไหม,อยู่ในโซนสัตว์สัตว์ปึกของสวนสัตว์
Poultry,นกแก้วเอคเลคตัสหาได้ที่ไหน,อยู่ในโซนสัตว์สัตว์ปึกของสวนสัตว์
Poultry,นกแต้วแล้วธรรมดาอยู่ไหน,อยู่ในโซนสัตว์สัตว์ปึกของสวนสัตว์
Poultry,นกแต้วแล้วธรรมดามีไหม,อยู่ในโซนสัตว์สัตว์ปึกของสวนสัตว์
Poultry,นกแต้วแล้วธรรมดาหาได้ที่ไหน,อยู่ในโซนสัตว์สัตว์ปึกของสวนสัตว์
Poultry,หงส์ดำอยู่ไหน,อยู่ในโซนสัตว์สัตว์ปึกของสวนสัตว์
Poultry,หงส์ดำมีไหม,อยู่ในโซนสัตว์สัตว์ปึกของสวนสัตว์
Poultry,หงส์ดำหาได้ที่ไหน,อยู่ในโซนสัตว์สัตว์ปึกของสวนสัตว์
Poultry,เป็ดวู๊ดอยู่ไหน,อยู่ในโซนสัตว์สัตว์ปึกของสวนสัตว์
Poultry,เป็ดวู๊ดมีไหม,อยู่ในโซนสัตว์สัตว์ปึกของสวนสัตว์
Poultry,เป็ดวู๊ดหาได้ที่ไหน,อยู่ในโซนสัตว์สัตว์ปึกของสวนสัตว์
Poultry,เป็ดหงส์อยู่ไหน,อยู่ในโซนสัตว์สัตว์ปึกของสวนสัตว์
Poultry,เป็ดหงส์มีไหม,อยู่ในโซนสัตว์สัตว์ปึกของสวนสัตว์
Poultry,เป็ดหงส์หาได้ที่ไหน,อยู่ในโซนสัตว์สัตว์ปึกของสวนสัตว์
Poultry,เหยี่ยวแดงอยู่ไหน,อยู่ในโซนสัตว์สัตว์ปึกของสวนสัตว์
Poultry,เหยี่ยวแดงมีไหม,อยู่ในโซนสัตว์สัตว์ปึกของสวนสัตว์
Poultry,เหยี่ยวแดงหาได้ที่ไหน,อยู่ในโซนสัตว์สัตว์ปึกของสวนสัตว์
Poultry,นกกระจอกเทศอยู่ไหน,อยู่ในโซนสัตว์สัตว์ปึกของสวนสัตว์
Poultry,นกกระจอกเทศมีไหม,อยู่ในโซนสัตว์สัตว์ปึกของสวนสัตว์
Poultry,นกกระจอกเทศหาได้ที่ไหน,อยู่ในโซนสัตว์สัตว์ปึกของสวนสัตว์
