Promotion,Question,Answer
Promotion,promotion,มีโปรโมชันทุกวันแม่คุณแม่เข้าฟรี และทุกวันเด็ก เด็กอายุไม่เกิน 15 ปี(สูงไม่เกิน 135 เซนติเมตร) เข้าฟรีค่ะ
Promotion,โปรมีชัน,มีโปรโมชันทุกวันแม่คุณแม่เข้าฟรี และทุกวันเด็ก เด็กอายุไม่เกิน 15 ปี(สูงไม่เกิน 135 เซนติเมตร) เข้าฟรีค่ะ
Promotion,โปร,มีโปรโมชันทุกวันแม่คุณแม่เข้าฟรี และทุกวันเด็ก เด็กอายุไม่เกิน 15 ปี(สูงไม่เกิน 135 เซนติเมตร) เข้าฟรีค่ะ
Promotion,มีโปรไหม,มีโปรโมชันทุกวันแม่คุณแม่เข้าฟรี และทุกวันเด็ก เด็กอายุไม่เกิน 15 ปี(สูงไม่เกิน 135 เซนติเมตร) เข้าฟรีค่ะ
Promotion,มีโปรโมชันไหม,มีโปรโมชันทุกวันแม่คุณแม่เข้าฟรี และทุกวันเด็ก เด็กอายุไม่เกิน 15 ปี(สูงไม่เกิน 135 เซนติเมตร) เข้าฟรีค่ะ
Promotion,มี promotion ไหม,มีโปรโมชันทุกวันแม่คุณแม่เข้าฟรี และทุกวันเด็ก เด็กอายุไม่เกิน 15 ปี(สูงไม่เกิน 135 เซนติเมตร) เข้าฟรีค่ะ
Promotion,มี pro ไหม,มีโปรโมชันทุกวันแม่คุณแม่เข้าฟรี และทุกวันเด็ก เด็กอายุไม่เกิน 15 ปี(สูงไม่เกิน 135 เซนติเมตร) เข้าฟรีค่ะ
Promotion,ส่วนลด,มีโปรโมชันทุกวันแม่คุณแม่เข้าฟรี และทุกวันเด็ก เด็กอายุไม่เกิน 15 ปี(สูงไม่เกิน 135 เซนติเมตร) เข้าฟรีค่ะ
Promotion,มีส่วนลดไหม,มีโปรโมชันทุกวันแม่คุณแม่เข้าฟรี และทุกวันเด็ก เด็กอายุไม่เกิน 15 ปี(สูงไม่เกิน 135 เซนติเมตร) เข้าฟรีค่ะ
Promotion,ลดได้ไหม,มีโปรโมชันทุกวันแม่คุณแม่เข้าฟรี และทุกวันเด็ก เด็กอายุไม่เกิน 15 ปี(สูงไม่เกิน 135 เซนติเมตร) เข้าฟรีค่ะ
Promotion,ฟรีตอนไหนบ้าง,มีโปรโมชันทุกวันแม่คุณแม่เข้าฟรี และทุกวันเด็ก เด็กอายุไม่เกิน 15 ปี(สูงไม่เกิน 135 เซนติเมตร) เข้าฟรีค่ะ
Promotion,ฟรี,มีโปรโมชันทุกวันแม่คุณแม่เข้าฟรี และทุกวันเด็ก เด็กอายุไม่เกิน 15 ปี(สูงไม่เกิน 135 เซนติเมตร) เข้าฟรีค่ะ
