Reptile,Question,Answer
Reptile,เต่าบึงหัวเหลืองอยู่ไหน,อยู่ในโซนสัตว์เลื้อยคลานของสวนสัตว์
Reptile,เต่าบึงหัวเหลืองมีไหม,อยู่ในโซนสัตว์เลื้อยคลานของสวนสัตว์
Reptile,เต่าบึงหัวเหลืองหาได้ที่ไหน,อยู่ในโซนสัตว์เลื้อยคลานของสวนสัตว์
Reptile,งูหลามอยู่ไหน,อยู่ในโซนสัตว์เลื้อยคลานของสวนสัตว์
Reptile,งูหลามมีไหม,อยู่ในโซนสัตว์เลื้อยคลานของสวนสัตว์
Reptile,งูหลามหาได้ที่ไหน,อยู่ในโซนสัตว์เลื้อยคลานของสวนสัตว์
Reptile,งูหลามทองอยู่ไหน,อยู่ในโซนสัตว์เลื้อยคลานของสวนสัตว์
Reptile,งูหลามทองมีไหม,อยู่ในโซนสัตว์เลื้อยคลานของสวนสัตว์
Reptile,งูหลามทองหาได้ที่ไหน,อยู่ในโซนสัตว์เลื้อยคลานของสวนสัตว์
Reptile,งูหลามบอลอยู่ไหน,อยู่ในโซนสัตว์เลื้อยคลานของสวนสัตว์
Reptile,งูหลามบอลมีไหม,อยู่ในโซนสัตว์เลื้อยคลานของสวนสัตว์
Reptile,งูหลามบอลหาได้ที่ไหน,อยู่ในโซนสัตว์เลื้อยคลานของสวนสัตว์
Reptile,งูเขียวหางไหม้ท้องเขียวอยู่ไหน,อยู่ในโซนสัตว์เลื้อยคลานของสวนสัตว์
Reptile,งูเขียวหางไหม้ท้องเขียวมีไหม,อยู่ในโซนสัตว์เลื้อยคลานของสวนสัตว์
Reptile,งูเขียวหางไหม้ท้องเขียวหาได้ที่ไหน,อยู่ในโซนสัตว์เลื้อยคลานของสวนสัตว์
Reptile,เคย์แมนอยู่ไหน,อยู่ในโซนสัตว์เลื้อยคลานของสวนสัตว์
Reptile,เคย์แมนมีไหม,อยู่ในโซนสัตว์เลื้อยคลานของสวนสัตว์
Reptile,เคย์แมนหาได้ที่ไหน,อยู่ในโซนสัตว์เลื้อยคลานของสวนสัตว์
Reptile,ตะโขงอยู่ไหน,อยู่ในโซนสัตว์เลื้อยคลานของสวนสัตว์
Reptile,ตะโขงมีไหม,อยู่ในโซนสัตว์เลื้อยคลานของสวนสัตว์
Reptile,ตะโขงหาได้ที่ไหน,อยู่ในโซนสัตว์เลื้อยคลานของสวนสัตว์
Reptile,งูเขียวหางไหม้ตาโตอยู่ไหน,อยู่ในโซนสัตว์เลื้อยคลานของสวนสัตว์
Reptile,งูเขียวหางไหม้ตาโตมีไหม,อยู่ในโซนสัตว์เลื้อยคลานของสวนสัตว์
Reptile,งูเขียวหางไหม้ตาโตหาได้ที่ไหน,อยู่ในโซนสัตว์เลื้อยคลานของสวนสัตว์
Reptile,งูเขียวหางไหม้ท้องเหลืองอยู่ไหน,อยู่ในโซนสัตว์เลื้อยคลานของสวนสัตว์
Reptile,งูเขียวหางไหม้ท้องเหลืองมีไหม,อยู่ในโซนสัตว์เลื้อยคลานของสวนสัตว์
Reptile,งูเขียวหางไหม้ท้องเหลืองหาได้ที่ไหน,อยู่ในโซนสัตว์เลื้อยคลานของสวนสัตว์
Reptile,ตะพาบม่านลายอยู่ไหน,อยู่ในโซนสัตว์เลื้อยคลานของสวนสัตว์
Reptile,ตะพาบม่านลายมีไหม,อยู่ในโซนสัตว์เลื้อยคลานของสวนสัตว์
Reptile,ตะพาบม่านลายหาได้ที่ไหน,อยู่ในโซนสัตว์เลื้อยคลานของสวนสัตว์
Reptile,งูเห่าไทยอยู่ไหน,อยู่ในโซนสัตว์เลื้อยคลานของสวนสัตว์
Reptile,งูเห่าไทยมีไหม,อยู่ในโซนสัตว์เลื้อยคลานของสวนสัตว์
Reptile,งูเห่าไทยหาได้ที่ไหน,อยู่ในโซนสัตว์เลื้อยคลานของสวนสัตว์
Reptile,งูแสงอาทิตย์อยู่ไหน,อยู่ในโซนสัตว์เลื้อยคลานของสวนสัตว์
Reptile,งูแสงอาทิตย์มีไหม,อยู่ในโซนสัตว์เลื้อยคลานของสวนสัตว์
Reptile,งูแสงอาทิตย์หาได้ที่ไหน,อยู่ในโซนสัตว์เลื้อยคลานของสวนสัตว์
Reptile,เต่าจมูกหมูอยู่ไหน,อยู่ในโซนสัตว์เลื้อยคลานของสวนสัตว์
Reptile,เต่าจมูกหมูมีไหม,อยู่ในโซนสัตว์เลื้อยคลานของสวนสัตว์
Reptile,เต่าจมูกหมูหาได้ที่ไหน,อยู่ในโซนสัตว์เลื้อยคลานของสวนสัตว์
Reptile,เต่ากระอานอยู่ไหน,อยู่ในโซนสัตว์เลื้อยคลานของสวนสัตว์
Reptile,เต่ากระอานมีไหม,อยู่ในโซนสัตว์เลื้อยคลานของสวนสัตว์
Reptile,เต่ากระอานหาได้ที่ไหน,อยู่ในโซนสัตว์เลื้อยคลานของสวนสัตว์
Reptile,เต่าแก้มแดงอยู่ไหน,อยู่ในโซนสัตว์เลื้อยคลานของสวนสัตว์
Reptile,เต่าแก้มแดงมีไหม,อยู่ในโซนสัตว์เลื้อยคลานของสวนสัตว์
Reptile,เต่าแก้มแดงหาได้ที่ไหน,อยู่ในโซนสัตว์เลื้อยคลานของสวนสัตว์
